ORF Name	Chromosome	Coordinates	Gene Symbol	Function	Aliases	Redundant ORFs
VNG5010G	pNRC100	5401..4982	sojA	ATPase involved in chromosome partitioning, strong hit to COG1192	sojA,VNG7008	VNG6010G
VNG5041H	pNRC100	34264..33404	VNG5041H		VNG5041H,H0411,H1942,VNG7033	VNG5256H,VNG6039H,VNG6487H
VNG5100C	pNRC100	74656..73259	VNG5100C		VNG5100C,H0809,VNG7073	VNG6097C
VNG5108H	pNRC100	79339..79070	VNG5108H		VNG5108H,H0878,VNG7078	VNG6105H
VNG5112H	pNRC100	81614..81426	VNG5112H		VNG5112H	VNG6109H
VNG5256H	pNRC100	189125..189985	VNG5256H		VNG5256H,H1942,H0411,VNG7176	VNG5041H,VNG6039H,VNG6487H
VNG6010G	pNRC200	5401..4982	sojA	ATPase involved in chromosome partitioning, strong hit to COG1192	sojA,16119986,COG1192	VNG5010G
VNG6039H	pNRC200	34264..33404	VNG6039H		VNG6039H,16120012	VNG5041H,VNG5256H,VNG6487H
VNG6097C	pNRC200	74656..73259	VNG6097C		VNG6097C,16120058,COG3472	VNG5100C
VNG6105H	pNRC200	79339..79070	VNG6105H		VNG6105H,16120064	VNG5108H
VNG6109H	pNRC200	81614..81426	VNG6109H		VNG6109H,16120066	VNG5112H
VNG6487H	pNRC200	363204..364064	VNG6487H		VNG6487H,16120350	VNG5041H,VNG5256H,VNG6039H
VNG0213H	Chromosome	178317..179321	VNG0213H	transposase	VNG0213H,15789516	VNG5045H,VNG5252H,VNG6043H,VNG6421H,VNG6483H
VNG5045H	pNRC100	36807..37811	VNG5045H	transposase	VNG5045H	VNG0213H,VNG5252H,VNG6043H,VNG6421H,VNG6483H
VNG5139C	pNRC100	107069..109054	VNG5139C		VNG5139C,VNG7097	VNG6136H
VNG5141G	pNRC100	109051..111990	hepA	ATP-dependent RNA helicase	hepA,VNG7099	VNG6139G
VNG5142G	pNRC100	111987..112532	tbpC	transcription initiation factor IID	tbpC,VNG7100	VNG6140G
VNG5170H	pNRC100	133628..132354	VNG5170H		VNG5170H,VNG7119	VNG6331H
VNG5252H	pNRC100	186582..185578	VNG5252H	transposase	VNG5252H	VNG0213H,VNG5045H,VNG6043H,VNG6421H,VNG6483H
VNG6043H	pNRC200	36807..37811	VNG6043H	transposase	VNG6043H,16120015	VNG0213H,VNG5045H,VNG5252H,VNG6421H,VNG6483H
VNG6136H	pNRC200	107069..109054	VNG6136H		VNG6136H,16120088,COG1002	VNG5139C
VNG6139G	pNRC200	109051..111990	hepA	ATP-dependent RNA helicase	hepA,16120089,COG0553	VNG5141G
VNG6140G	pNRC200	111987..112532	tbpC	transcription initiation factor IID	tbpC,16120090,COG2101	VNG5142G
VNG6331H	pNRC200	266725..265451	VNG6331H		VNG6331H,16120237,COG3385	VNG5170H
VNG6421H	pNRC200	324345..323341	VNG6421H	transposase	VNG6421H,16120302	VNG0213H,VNG5045H,VNG5252H,VNG6043H,VNG6483H
VNG6483H	pNRC200	360661..359657	VNG6483H	transposase	VNG6483H,16120347	VNG0213H,VNG5045H,VNG5252H,VNG6043H,VNG6421H
VNG1653H	Chromosome	1231161..1232435	VNG1653H	transposase, Transposase proteins are necessary for efficient DNA transposition. three carboxylate residues are believed to be responsible for coordinating metal ions needed for catalysis. 	VNG1653H,15790603,COG3385	VNG5109H,VNG6106H,VNG6161H,VNG6345H
VNG5076G	pNRC100	54498..54857	trxA1	thioredoxin	trxA1,VNG7054	VNG5221G,VNG6073G,VNG6453G
VNG5077G	pNRC100	54858..55475	trxB1	thioredoxin reductase	trxB1,VNG7055	VNG5220G,VNG6074G,VNG6452G
VNG5079H	pNRC100	57249..56131	xerD	circular chromosome separation site-specific recombinase homolog	xerD,VNG5079H,H0625,H1737,VNG7057,VNG7152,H0618,H1739,VNG7056	VNG5218H,VNG6076H,VNG6450H
VNG5080H	pNRC100	57493..57242	VNG5080H		VNG5080H,H0630,H1734,VNG7058	VNG5217H,VNG6077H,VNG6449H
VNG5081H	pNRC100	57972..58352	VNG5081H		VNG5081H	VNG5216H,VNG6078H,VNG6448H
VNG5083H	pNRC100	59944..60054	VNG5083H		VNG5083H	VNG5214H,VNG6080H,VNG6446H
VNG5084G	pNRC100	61397..60258	VNG5084G		VNG5084G,VNG7060	VNG5213G
VNG5085H	pNRC100	61626..62279	VNG5085H		VNG5085H,H0675,H1684,VNG7061	VNG5212H,VNG6082H,VNG6444H
VNG5086H	pNRC100	62291..62848	VNG5086H		VNG5086H,H0683,H1679,VNG7062	VNG5211H,VNG6083H,VNG6443H
VNG5088H	pNRC100	65320..64901	VNG5088H		VNG5088H,H0718,H1643,VNG7064	VNG5209H,VNG6085H
VNG5089G	pNRC100	66251..65313	sojC1	Spo0A activation inhibitor	sojC1,VNG7065	VNG5208G,VNG6086G
VNG5090C	pNRC100	67316..66513	VNG5090C		VNG5090C,H0735,H1620,VNG7066	VNG5207C,VNG6087C
VNG5091C	pNRC100	68152..67322	VNG5091C		VNG5091C,H0745,H1617,VNG7067	VNG5206C,VNG6088C
VNG5093C	pNRC100	68682..68245	VNG5093C		VNG5093C,H0754,H1607,VNG7069	VNG5204C,VNG6090C
VNG5094G	pNRC100	68881..69945	orc9	orc / cell division control protein 6	orc9,H0761,VNG7070	VNG6091G
VNG5097H	pNRC100	71971..72222	VNG5097H		VNG5097H	VNG6094H
VNG5098C	pNRC100	73046..72330	VNG5098C		VNG5098C,H0801,VNG7072	VNG6095C
VNG5109H	pNRC100	79817..81091	VNG5109H	transposase, Transposase proteins are necessary for efficient DNA transposition. three carboxylate residues are believed to be responsible for coordinating metal ions needed for catalysis. 	VNG5109H	VNG1653H,VNG6106H,VNG6161H,VNG6345H
VNG5115H	pNRC100	84766..83525	VNG5115H		VNG5115H,H0928,VNG7080	VNG6112H
VNG5116H	pNRC100	85381..84776	VNG5116H		VNG5116H,H0935,VNG7081	VNG6113H
VNG5118H	pNRC100	85735..85382	VNG5118H		VNG5118H,H0939,VNG7082	VNG6115H
VNG5119H	pNRC100	86398..85817	VNG5119H		VNG5119H,H0943,VNG7083	VNG6116H
VNG5120H	pNRC100	86612..86487	VNG5120H		VNG5120H	VNG6117H
VNG5123H	pNRC100	89376..89038	VNG5123H		VNG5123H	VNG6120H
VNG5124H	pNRC100	90164..89703	VNG5124H		VNG5124H,H0984,VNG7086	VNG6121H
VNG5126G	pNRC100	90937..90164	sojD	Spo0A activation inhibitor	sojD,VNG7087	VNG6123G
VNG5129H	pNRC100	91681..91385	VNG5129H		VNG5129H,H1003,VNG7089	VNG6125H
VNG5130H	pNRC100	91734..92042	VNG5130H	putative transcriptional regulator PadR family, COG1695:predicted transcriptional regulator\nPF03551:PadR/marR family of transcriptional repressors\nRosetta predicts B-globin fold	VNG5130H	VNG6126H
VNG5131H	pNRC100	92639..93613	VNG5131H		VNG5131H,H1016,VNG7090	VNG6127H
VNG5132H	pNRC100	93610..94074	VNG5132H		VNG5132H,H1027,VNG7091	VNG6128H
VNG5133C	pNRC100	95450..94101	VNG5133C		VNG5133C,H1034,VNG7092	VNG6129C
VNG5134G	pNRC100	96846..95437	rad25	DNA repair protein	rad25,H1047,VNG7093	VNG6130G
VNG5136G	pNRC100	97984..101370	repI	replication protein	repI,VNG7095	VNG6132G
VNG5137H	pNRC100	103281..103472	VNG5137H		VNG5137H	VNG6134H
VNG5204C	pNRC100	154707..155144	VNG5204C		VNG5204C,H1607,H0754,VNG7140	VNG5093C,VNG6090C
VNG5206C	pNRC100	155237..156067	VNG5206C		VNG5206C,H1617,H0745,VNG7142	VNG5091C,VNG6088C
VNG5207C	pNRC100	156073..156876	VNG5207C		VNG5207C,H1620,H0735,VNG7143	VNG5090C,VNG6087C
VNG5208G	pNRC100	157138..158076	sojC1	Spo0A activation inhibitor	sojC1,VNG7144	VNG5089G,VNG6086G
VNG5209H	pNRC100	158069..158488	VNG5209H		VNG5209H,H1643,H0718,VNG7145	VNG5088H,VNG6085H
VNG5211H	pNRC100	161098..160541	VNG5211H		VNG5211H,H1679,H0683,VNG7147	VNG5086H,VNG6083H,VNG6443H
VNG5212H	pNRC100	161763..161110	VNG5212H		VNG5212H,H1684,H0675,VNG7148	VNG5085H,VNG6082H,VNG6444H
VNG5213G	pNRC100	161992..163131	VNG5213G		VNG5213G,VNG7149	VNG5084G
VNG5214H	pNRC100	163445..163335	VNG5214H		VNG5214H	VNG5083H,VNG6080H,VNG6446H
VNG5216H	pNRC100	165417..165037	VNG5216H		VNG5216H	VNG5081H,VNG6078H,VNG6448H
VNG5217H	pNRC100	165896..166147	VNG5217H		VNG5217H	VNG5080H,VNG6077H,VNG6449H
VNG5218H	pNRC100	166140..167258	xerD	circular chromosome separation site-specific recombinase homolog	xerD,VNG5218H,H1739,H0618,VNG7153	VNG5079H,VNG6076H,VNG6450H
VNG5220G	pNRC100	168531..167914	trxB1	thioredoxin reductase	trxB1,VNG7154	VNG5077G,VNG6074G,VNG6452G
VNG5221G	pNRC100	168891..168532	trxA1	thioredoxin	trxA1,VNG7155	VNG5076G,VNG6073G,VNG6453G
VNG6073G	pNRC200	54498..54857	trxA1	thioredoxin	trxA1,16120037,COG0526	VNG5076G,VNG5221G,VNG6453G
VNG6074G	pNRC200	54858..55475	trxB1	thioredoxin reductase	trxB1,16120038,COG0492	VNG5077G,VNG5220G,VNG6452G
VNG6076H	pNRC200	57249..56131	xerD	circular chromosome separation site-specific recombinase homolog	xerD,VNG6076H,16120040,COG0582	VNG5079H,VNG5218H,VNG6450H
VNG6077H	pNRC200	57493..57242	VNG6077H		VNG6077H,16120041	VNG5080H,VNG5217H,VNG6449H
VNG6078H	pNRC200	57972..58352	VNG6078H		VNG6078H,16120042	VNG5081H,VNG5216H,VNG6448H
VNG6080H	pNRC200	59944..60054	VNG6080H		VNG6080H,16120044	VNG5083H,VNG5214H,VNG6446H
VNG6081G	pNRC200	61340..60258	crt	carotenoid biosynthetic protein	crt,16120045,COG1304	VNG6445G
VNG6082H	pNRC200	61626..62279	VNG6082H		VNG6082H,16120046	VNG5085H,VNG5212H,VNG6444H
VNG6083H	pNRC200	62291..62848	VNG6083H		VNG6083H,16120047	VNG5086H,VNG5211H,VNG6443H
VNG6085H	pNRC200	65320..64901	VNG6085H		VNG6085H,16120049	VNG5088H,VNG5209H
VNG6086G	pNRC200	66251..65313	sojC1	Spo0A activation inhibitor	sojC1,16120050,COG1192	VNG5089G,VNG5208G
VNG6087C	pNRC200	67316..66513	VNG6087C		VNG6087C,16120051,COG2253	VNG5090C,VNG5207C
VNG6088C	pNRC200	68152..67322	VNG6088C		VNG6088C,16120052,COG5340	VNG5091C,VNG5206C
VNG6090C	pNRC200	68682..68245	VNG6090C		VNG6090C,16120053,COG3269	VNG5093C,VNG5204C
VNG6091G	pNRC200	68881..69945	orc9	orc / cell division control protein 6	orc9,16120054,COG1474	VNG5094G
VNG6094H	pNRC200	71971..72222	VNG6094H		VNG6094H,16120056	VNG5097H
VNG6095C	pNRC200	73046..72330	VNG6095C		VNG6095C,16120057,COG2135	VNG5098C
VNG6106H	pNRC200	79817..81091	VNG6106H	transposase, Transposase proteins are necessary for efficient DNA transposition. three carboxylate residues are believed to be responsible for coordinating metal ions needed for catalysis. 	VNG6106H,16120065,COG3385	VNG1653H,VNG5109H,VNG6161H,VNG6345H
VNG6112H	pNRC200	84766..83525	VNG6112H		VNG6112H,16120068,COG0582	VNG5115H
VNG6113H	pNRC200	85381..84776	VNG6113H		VNG6113H,16120069	VNG5116H
VNG6115H	pNRC200	85735..85382	VNG6115H		VNG6115H,16120070	VNG5118H
VNG6116H	pNRC200	86398..85817	VNG6116H		VNG6116H,16120071	VNG5119H
VNG6117H	pNRC200	86612..86487	VNG6117H		VNG6117H,16120072	VNG5120H
VNG6120H	pNRC200	89376..89038	VNG6120H		VNG6120H,16120074	VNG5123H
VNG6121H	pNRC200	90164..89703	VNG6121H		VNG6121H,16120075	VNG5124H
VNG6123G	pNRC200	90937..90164	sojD	Spo0A activation inhibitor	sojD,16120076,COG1192	VNG5126G
VNG6125H	pNRC200	91681..91385	VNG6125H		VNG6125H,16120077	VNG5129H
VNG6126H	pNRC200	91734..92042	VNG6126H	putative transcriptional regulator PadR family, COG1695:predicted transcriptional regulator\nPF03551:PadR/marR family of transcriptional repressors\nRosetta predicts B-globin fold	VNG6126H,16120078,COG1695	VNG5130H
VNG6127H	pNRC200	92639..93613	VNG6127H		VNG6127H,16120079	VNG5131H
VNG6128H	pNRC200	93610..94074	VNG6128H		VNG6128H,16120080	VNG5132H
VNG6129C	pNRC200	95450..94101	VNG6129C		VNG6129C,16120081,COG3372	VNG5133C
VNG6130G	pNRC200	96846..95437	rad25	DNA repair protein	rad25,16120082,COG1061	VNG5134G
VNG6132G	pNRC200	97984..101370	repI	replication protein	repI,16120084	VNG5136G
VNG6134H	pNRC200	103281..103472	VNG6134H		VNG6134H,16120086	VNG5137H
VNG6161H	pNRC200	137079..138353	VNG6161H	transposase, Transposase proteins are necessary for efficient DNA transposition. three carboxylate residues are believed to be responsible for coordinating metal ions needed for catalysis. 	VNG6161H,16120109,COG3385	VNG1653H,VNG5109H,VNG6106H,VNG6345H
VNG6345H	pNRC200	276748..278022	VNG6345H	transposase, Transposase proteins are necessary for efficient DNA transposition. three carboxylate residues are believed to be responsible for coordinating metal ions needed for catalysis. 	VNG6345H,16120247,COG3385	VNG1653H,VNG5109H,VNG6106H,VNG6161H
VNG6443H	pNRC200	335177..334620	VNG6443H		VNG6443H,16120315	VNG5086H,VNG5211H,VNG6083H
VNG6444H	pNRC200	335842..335189	VNG6444H		VNG6444H,16120316	VNG5085H,VNG5212H,VNG6082H
VNG6445G	pNRC200	336128..337210	crt	carotenoid biosynthetic protein	crt,16120317,COG1304	VNG6081G
VNG6446H	pNRC200	337524..337414	VNG6446H		VNG6446H,16120318	VNG5083H,VNG5214H,VNG6080H
VNG6448H	pNRC200	339496..339116	VNG6448H		VNG6448H,16120320	VNG5081H,VNG5216H,VNG6078H
VNG6449H	pNRC200	339975..340226	VNG6449H		VNG6449H,16120321	VNG5080H,VNG5217H,VNG6077H
VNG6450H	pNRC200	340219..341337	xerD	circular chromosome separation site-specific recombinase homolog	xerD,VNG6450H,16120322,COG0582	VNG5079H,VNG5218H,VNG6076H
VNG6452G	pNRC200	342610..341993	trxB1	thioredoxin reductase	trxB1,16120324,COG0492	VNG5077G,VNG5220G,VNG6074G
VNG6453G	pNRC200	342970..342611	trxA1	thioredoxin	trxA1,16120325,COG0526	VNG5076G,VNG5221G,VNG6073G
VNG0021H	Chromosome	16342..17706	VNG0021H		VNG0021H,15789357,COG3436	VNG5087H,VNG5210H,VNG6084H,VNG6442H
VNG0052H	Chromosome	48473..47199	VNG0052H	Putative ISH8 transposase (VNG6395H) (VNG0052H) (VNG6016H)	VNG0052H,15789386,COG3385	VNG5016H,VNG6016H,VNG6395H
VNG0059H	Chromosome	56287..57561	VNG0059H		VNG0059H,15789393,COG3385	VNG0337H,VNG2175H,VNG5082H,VNG5215H,VNG6079H,VNG6147H,VNG6447H
VNG0210H	Chromosome	177296..177093	VNG0210H		VNG0210H,15789514	VNG0994H,VNG1007H,VNG1651H,VNG5096H,VNG5101H,VNG5198H,VNG5201H,VNG6093H,VNG6098H,VNG6141H,VNG6146H,VNG6391H
VNG0337H	Chromosome	266869..265595	VNG0337H		VNG0337H,15789606,COG3385	VNG0059H,VNG2175H,VNG5082H,VNG5215H,VNG6079H,VNG6147H,VNG6447H
VNG0370H	Chromosome	289817..289515	VNG0370H	Predicted metal-dependent phosphoesterase (PHP family)	VNG0370H	VNG0370Hm
VNG0370Hm	Chromosome	290222..289515	VNG0370Hm	Predicted metal-dependent phosphoesterase (PHP family)	VNG0370Hm,16554467,COG0613	VNG0370H
VNG0918H	Chromosome	697939..697055	VNG0918H	Putative ISH4 transposase (VNG0918H)	VNG0918H,15790046,COG3677	VNG5149H
VNG0994H	Chromosome	759870..759667	VNG0994H		VNG0994H,15790107	VNG0210H,VNG1007H,VNG1651H,VNG5096H,VNG5101H,VNG5198H,VNG5201H,VNG6093H,VNG6098H,VNG6141H,VNG6146H,VNG6391H
VNG1007H	Chromosome	771925..771722	VNG1007H		VNG1007H,15790119	VNG0210H,VNG0994H,VNG1651H,VNG5096H,VNG5101H,VNG5198H,VNG5201H,VNG6093H,VNG6098H,VNG6141H,VNG6146H,VNG6391H
VNG1651H	Chromosome	1230699..1230496	VNG1651H		VNG1651H,15790602	VNG0210H,VNG0994H,VNG1007H,VNG5096H,VNG5101H,VNG5198H,VNG5201H,VNG6093H,VNG6098H,VNG6141H,VNG6146H,VNG6391H
VNG2175H	Chromosome	1608193..1609467	VNG2175H		VNG2175H,15791006,COG3385	VNG0059H,VNG0337H,VNG5082H,VNG5215H,VNG6079H,VNG6147H,VNG6447H
VNG5016H	pNRC100	14308..15582	VNG5016H	Putative ISH8 transposase (VNG6395H) (VNG0052H) (VNG6016H)	VNG5016H,VNG7012	VNG0052H,VNG6016H,VNG6395H
VNG5082H	pNRC100	58617..59891	VNG5082H		VNG5082H,H0646,H1709,VNG7059	VNG0059H,VNG0337H,VNG2175H,VNG5215H,VNG6079H,VNG6147H,VNG6447H
VNG5087H	pNRC100	63303..64667	VNG5087H		VNG5087H,H0698,H1655,VNG7063	VNG0021H,VNG5210H,VNG6084H,VNG6442H
VNG5096H	pNRC100	70849..71052	VNG5096H		VNG5096H	VNG0210H,VNG0994H,VNG1007H,VNG1651H,VNG5101H,VNG5198H,VNG5201H,VNG6093H,VNG6098H,VNG6141H,VNG6146H,VNG6391H
VNG5101H	pNRC100	75015..74812	VNG5101H		VNG5101H	VNG0210H,VNG0994H,VNG1007H,VNG1651H,VNG5096H,VNG5198H,VNG5201H,VNG6093H,VNG6098H,VNG6141H,VNG6146H,VNG6391H
VNG5149H	pNRC100	123641..122757	VNG5149H	Putative ISH4 transposase (VNG0918H)	VNG5149H,VNG7107	VNG0918H
VNG5198H	pNRC100	150615..150412	VNG5198H		VNG5198H	VNG0210H,VNG0994H,VNG1007H,VNG1651H,VNG5096H,VNG5101H,VNG5201H,VNG6093H,VNG6098H,VNG6141H,VNG6146H,VNG6391H
VNG5201H	pNRC100	153698..153901	VNG5201H		VNG5201H	VNG0210H,VNG0994H,VNG1007H,VNG1651H,VNG5096H,VNG5101H,VNG5198H,VNG6093H,VNG6098H,VNG6141H,VNG6146H,VNG6391H
VNG5210H	pNRC100	160086..158722	VNG5210H		VNG5210H,H1655,H0698,VNG7146	VNG0021H,VNG5087H,VNG6084H,VNG6442H
VNG5215H	pNRC100	164772..163498	VNG5215H		VNG5215H,H1709,H0646,VNG7150	VNG0059H,VNG0337H,VNG2175H,VNG5082H,VNG6079H,VNG6147H,VNG6447H
VNG6016H	pNRC200	14308..15582	VNG6016H	Putative ISH8 transposase (VNG6395H) (VNG0052H) (VNG6016H)	VNG6016H,16119991,COG3385	VNG0052H,VNG5016H,VNG6395H
VNG6079H	pNRC200	58617..59891	VNG6079H		VNG6079H,16120043,COG3385	VNG0059H,VNG0337H,VNG2175H,VNG5082H,VNG5215H,VNG6147H,VNG6447H
VNG6084H	pNRC200	63303..64667	VNG6084H		VNG6084H,16120048,COG3436	VNG0021H,VNG5087H,VNG5210H,VNG6442H
VNG6093H	pNRC200	70849..71052	VNG6093H		VNG6093H,16120055	VNG0210H,VNG0994H,VNG1007H,VNG1651H,VNG5096H,VNG5101H,VNG5198H,VNG5201H,VNG6098H,VNG6141H,VNG6146H,VNG6391H
VNG6098H	pNRC200	75015..74812	VNG6098H		VNG6098H,16120059	VNG0210H,VNG0994H,VNG1007H,VNG1651H,VNG5096H,VNG5101H,VNG5198H,VNG5201H,VNG6093H,VNG6141H,VNG6146H,VNG6391H
VNG6141H	pNRC200	113157..112954	VNG6141H		VNG6141H,16120091	VNG0210H,VNG0994H,VNG1007H,VNG1651H,VNG5096H,VNG5101H,VNG5198H,VNG5201H,VNG6093H,VNG6098H,VNG6146H,VNG6391H
VNG6146H	pNRC200	122090..121887	VNG6146H		VNG6146H,16120096	VNG0210H,VNG0994H,VNG1007H,VNG1651H,VNG5096H,VNG5101H,VNG5198H,VNG5201H,VNG6093H,VNG6098H,VNG6141H,VNG6391H
VNG6147H	pNRC200	122374..123648	VNG6147H		VNG6147H,16120097,COG3385	VNG0059H,VNG0337H,VNG2175H,VNG5082H,VNG5215H,VNG6079H,VNG6447H
VNG6391H	pNRC200	309099..308896	VNG6391H		VNG6391H,16120281	VNG0210H,VNG0994H,VNG1007H,VNG1651H,VNG5096H,VNG5101H,VNG5198H,VNG5201H,VNG6093H,VNG6098H,VNG6141H,VNG6146H
VNG6395H	pNRC200	311100..309826	VNG6395H	Putative ISH8 transposase (VNG6395H) (VNG0052H) (VNG6016H)	VNG6395H,16120283,COG3385	VNG0052H,VNG5016H,VNG6016H
VNG6442H	pNRC200	334165..332801	VNG6442H		VNG6442H,16120314,COG3436	VNG0021H,VNG5087H,VNG5210H,VNG6084H
VNG6447H	pNRC200	338851..337577	VNG6447H		VNG6447H,16120319,COG3385	VNG0059H,VNG0337H,VNG2175H,VNG5082H,VNG5215H,VNG6079H,VNG6147H
VNG5034G	pNRC100	25017..25376	gvpO1	GvpO protein, cluster A	gvpO1,VNG7028	VNG6033G
VNG5035G	pNRC100	25405..26169	sojB	Spo0A activation inhibitor	sojB,VNG7029	VNG6034G
VNG5037G	pNRC100	29436..26683	htlD	Htr-like protein	htlD,VNG7030	VNG6035G
VNG5038H	pNRC100	29637..29789	VNG5038H		VNG5038H	VNG6036H
VNG5039G	pNRC100	30131..30346	tbpA	transcription initiation factor IID	tbpA,VNG7031	VNG6037G
VNG5040H	pNRC100	31896..30622	VNG5040H		VNG5040H,H0386,VNG7032	VNG6038H
VNG5042H	pNRC100	34534..35361	VNG5042H	transposase	VNG5042H,H0428,H1931,VNG7034	VNG5255H,VNG6040H,VNG6486H
VNG5044H	pNRC100	36008..36844	VNG5044H	transposase	VNG5044H,H0441,VNG7035	VNG5253H,VNG6042H,VNG6484H
VNG5047H	pNRC100	38520..38251	VNG5047H		VNG5047H	VNG5250H,VNG6045H,VNG6481H
VNG5048H	pNRC100	38837..38679	VNG5048H		VNG5048H	VNG5249H,VNG6046H,VNG6480H
VNG5049H	pNRC100	39437..39204	VNG5049H		VNG5049H	VNG5248H,VNG6047H,VNG6479H
VNG5050H	pNRC100	39504..39785	VNG5050H	predicted transcriptional regulator, PFAM03551:PadR/MarR family of transcriptional repressors\nCOG1695:predicted transcriptional regulators (PET=28)	VNG5050H	VNG5247H,VNG6048H,VNG6478H
VNG5053H	pNRC100	40747..40577	VNG5053H		VNG5053H	VNG5244H,VNG6051H,VNG6475H
VNG5054H	pNRC100	41377..41210	VNG5054H		VNG5054H	VNG5243H
VNG5055G	pNRC100	42257..43705	cydA	cytochrome d oxidase chain I	cydA,VNG7039,VNG7170	VNG5242G,VNG6053G,VNG6473G
VNG5057G	pNRC100	43698..44693	cydB	cytochrome d oxidase chain II	cydB,VNG7040	VNG5240G,VNG6055G,VNG6471G
VNG5059C	pNRC100	45384..44812	VNG5059C		VNG5059C,VNG7041	VNG5238C,VNG6057C,VNG6469C
VNG5061C	pNRC100	45632..45387	VNG5061C		VNG5061C,VNG7042	VNG5236C,VNG6059C,VNG6467C
VNG5062C	pNRC100	45882..47075	VNG5062C		VNG5062C,VNG7043	VNG5235C,VNG6060C,VNG6466C
VNG5063H	pNRC100	47084..47575	VNG5063H		VNG5063H,H0549,H1813,VNG7044,H1808,H0552,VNG7163	VNG5234H,VNG6061H,VNG6465H
VNG5064H	pNRC100	47575..48033	VNG5064H		VNG5064H,H0554,H1810,VNG7046,VNG7164	VNG5233H,VNG6062H,VNG6464H
VNG5066G	pNRC100	48044..49219	phoT1	Inorganic phosphate transport protein	phoT1,VNG7047	VNG5231G,VNG6064G,VNG6462G
VNG5068G	pNRC100	50012..49236	boa3	bacterio-opsin activator-like protein	boa3,VNG7048	VNG5229G,VNG6065G,VNG6461G
VNG5069C	pNRC100	50060..51169	VNG5069C		VNG5069C,VNG7049	VNG5228C,VNG6066C,VNG6460C
VNG5071C	pNRC100	51173..52438	VNG5071C	sugar (and other) transporter	VNG5071C,VNG7051	VNG5225C,VNG6068C,VNG6457C
VNG5073H	pNRC100	52660..52809	VNG5073H		VNG5073H	VNG5224H,VNG6070H,VNG6456H
VNG5074C	pNRC100	52828..53805	VNG5074C		VNG5074C,VNG7052	VNG5223C,VNG6071C,VNG6455C
VNG5075C	pNRC100	53918..54322	VNG5075C	PadR family transcription regulator	VNG5075C,VNG7053	VNG5222C,VNG6072C,VNG6454C
VNG5222C	pNRC100	169471..169067	VNG5222C	PadR family transcription regulator	VNG5222C,VNG7156	VNG5075C,VNG6072C,VNG6454C
VNG5223C	pNRC100	170561..169584	VNG5223C		VNG5223C,VNG7157	VNG5074C,VNG6071C,VNG6455C
VNG5224H	pNRC100	170729..170580	VNG5224H		VNG5224H	VNG5073H,VNG6070H,VNG6456H
VNG5225C	pNRC100	172216..170951	VNG5225C	sugar (and other) transporter	VNG5225C,VNG7158	VNG5071C,VNG6068C,VNG6457C
VNG5228C	pNRC100	173329..172220	VNG5228C		VNG5228C,VNG7160	VNG5069C,VNG6066C,VNG6460C
VNG5229G	pNRC100	173377..174153	boa3	bacterio-opsin activator-like protein	boa3,VNG7161	VNG5068G,VNG6065G,VNG6461G
VNG5231G	pNRC100	175345..174170	phoT1	Inorganic phosphate transport protein	phoT1,VNG7162	VNG5066G,VNG6064G,VNG6462G
VNG5233H	pNRC100	175814..175356	VNG5233H		VNG5233H	VNG5064H,VNG6062H,VNG6464H
VNG5234H	pNRC100	176305..175814	VNG5234H		VNG5234H,H1813,H0549,VNG7165	VNG5063H,VNG6061H,VNG6465H
VNG5235C	pNRC100	177507..176314	VNG5235C		VNG5235C,VNG7166	VNG5062C,VNG6060C,VNG6466C
VNG5236C	pNRC100	177757..178002	VNG5236C		VNG5236C,VNG7167	VNG5061C,VNG6059C,VNG6467C
VNG5238C	pNRC100	178005..178577	VNG5238C		VNG5238C,VNG7168	VNG5059C,VNG6057C,VNG6469C
VNG5240G	pNRC100	179691..178696	cydB	cytochrome d oxidase chain II	cydB	VNG5057G,VNG6055G,VNG6471G
VNG5242G	pNRC100	181132..179684	cydA	cytochrome d oxidase chain I	cydA,VNG7169	VNG5055G,VNG6053G,VNG6473G
VNG5243H	pNRC100	182012..182179	VNG5243H		VNG5243H	VNG5054H
VNG5244H	pNRC100	182642..182812	VNG5244H		VNG5244H	VNG5053H,VNG6051H,VNG6475H
VNG5247H	pNRC100	183885..183604	VNG5247H	predicted transcriptional regulator, PFAM03551:PadR/MarR family of transcriptional repressors\nCOG1695:predicted transcriptional regulators (PET=28)	VNG5247H	VNG5050H,VNG6048H,VNG6478H
VNG5248H	pNRC100	183952..184185	VNG5248H		VNG5248H	VNG5049H,VNG6047H,VNG6479H
VNG5249H	pNRC100	184552..184710	VNG5249H		VNG5249H	VNG5048H,VNG6046H,VNG6480H
VNG5250H	pNRC100	184869..185138	VNG5250H		VNG5250H	VNG5047H,VNG6045H,VNG6481H
VNG5253H	pNRC100	187381..186545	VNG5253H	transposase	VNG5253H,H0441,VNG7174	VNG5044H,VNG6042H,VNG6484H
VNG5255H	pNRC100	188855..188028	VNG5255H	transposase	VNG5255H,H1931,H0428,VNG7175	VNG5042H,VNG6040H,VNG6486H
VNG6033G	pNRC200	25017..25376	gvpO1	GvpO protein, cluster A	gvpO1,16120006	VNG5034G
VNG6034G	pNRC200	25405..26169	sojB	Spo0A activation inhibitor	sojB,16120007,COG1192	VNG5035G
VNG6035G	pNRC200	29436..26683	htlD	Htr-like protein	htlD,16120008,COG0784	VNG5037G
VNG6036H	pNRC200	29637..29789	VNG6036H		VNG6036H,16120009	VNG5038H
VNG6037G	pNRC200	30131..30346	tbpA	transcription initiation factor IID	tbpA,16120010,COG2101	VNG5039G
VNG6038H	pNRC200	31896..30622	VNG6038H		VNG6038H,16120011,COG3385	VNG5040H
VNG6040H	pNRC200	34534..35361	VNG6040H	transposase	VNG6040H,16120013,COG3039	VNG5042H,VNG5255H,VNG6486H
VNG6042H	pNRC200	36008..36844	VNG6042H	transposase	VNG6042H,16120014,COG3385	VNG5044H,VNG5253H,VNG6484H
VNG6045H	pNRC200	38520..38251	VNG6045H		VNG6045H,16120016	VNG5047H,VNG5250H,VNG6481H
VNG6046H	pNRC200	38837..38679	VNG6046H		VNG6046H,16120017	VNG5048H,VNG5249H,VNG6480H
VNG6047H	pNRC200	39437..39204	VNG6047H		VNG6047H,16120018	VNG5049H,VNG5248H,VNG6479H
VNG6048H	pNRC200	39504..39785	VNG6048H	predicted transcriptional regulator, PFAM03551:PadR/MarR family of transcriptional repressors\nCOG1695:predicted transcriptional regulators (PET=28)	VNG6048H,16120019,COG1695	VNG5050H,VNG5247H,VNG6478H
VNG6051H	pNRC200	40747..40577	VNG6051H		VNG6051H,16120021	VNG5053H,VNG5244H,VNG6475H
VNG6052H	pNRC200	41368..41210	VNG6052H		VNG6052H,16120022	VNG6474H
VNG6053G	pNRC200	42257..43705	cydA	cytochrome d oxidase chain I	cydA,16120023,COG1271	VNG5055G,VNG5242G,VNG6473G
VNG6055G	pNRC200	43698..44693	cydB	cytochrome d oxidase chain II	cydB,16120024,COG1294	VNG5057G,VNG5240G,VNG6471G
VNG6057C	pNRC200	45384..44812	VNG6057C		VNG6057C,16120025,COG2210	VNG5059C,VNG5238C,VNG6469C
VNG6059C	pNRC200	45632..45387	VNG6059C		VNG6059C,16120026,COG0425	VNG5061C,VNG5236C,VNG6467C
VNG6060C	pNRC200	45882..47075	VNG6060C		VNG6060C,16120027,COG0607	VNG5062C,VNG5235C,VNG6466C
VNG6061H	pNRC200	47084..47575	VNG6061H		VNG6061H,16120028,COG2391	VNG5063H,VNG5234H,VNG6465H
VNG6062H	pNRC200	47575..48033	VNG6062H		VNG6062H,16120029,COG2391	VNG5064H,VNG5233H,VNG6464H
VNG6064G	pNRC200	48044..49219	phoT1	Inorganic phosphate transport protein	phoT1,16120030,COG0306	VNG5066G,VNG5231G,VNG6462G
VNG6065G	pNRC200	50012..49236	boa3	bacterio-opsin activator-like protein	boa3,16120031,COG3413	VNG5068G,VNG5229G,VNG6461G
VNG6066C	pNRC200	50060..51169	VNG6066C		VNG6066C,16120032,COG0491	VNG5069C,VNG5228C,VNG6460C
VNG6068C	pNRC200	51173..52438	VNG6068C	sugar (and other) transporter	VNG6068C,16120033,COG0477	VNG5071C,VNG5225C,VNG6457C
VNG6070H	pNRC200	52660..52809	VNG6070H		VNG6070H,16120034	VNG5073H,VNG5224H,VNG6456H
VNG6071C	pNRC200	52828..53805	VNG6071C		VNG6071C,16120035,COG0730	VNG5074C,VNG5223C,VNG6455C
VNG6072C	pNRC200	53918..54322	VNG6072C	PadR family transcription regulator	VNG6072C,16120036,COG3355	VNG5075C,VNG5222C,VNG6454C
VNG6454C	pNRC200	343550..343146	VNG6454C	PadR family transcription regulator	VNG6454C,16120326,COG3355	VNG5075C,VNG5222C,VNG6072C
VNG6455C	pNRC200	344640..343663	VNG6455C		VNG6455C,16120327,COG0730	VNG5074C,VNG5223C,VNG6071C
VNG6456H	pNRC200	344808..344659	VNG6456H		VNG6456H,16120328	VNG5073H,VNG5224H,VNG6070H
VNG6457C	pNRC200	346295..345030	VNG6457C	sugar (and other) transporter	VNG6457C,16120329,COG0477	VNG5071C,VNG5225C,VNG6068C
VNG6460C	pNRC200	347408..346299	VNG6460C		VNG6460C,16120330,COG0607	VNG5069C,VNG5228C,VNG6066C
VNG6461G	pNRC200	347456..348232	boa3	bacterio-opsin activator-like protein	boa3,16120331,COG3413	VNG5068G,VNG5229G,VNG6065G
VNG6462G	pNRC200	349424..348249	phoT1	Inorganic phosphate transport protein	phoT1,16120332,COG0306	VNG5066G,VNG5231G,VNG6064G
VNG6464H	pNRC200	349893..349435	VNG6464H		VNG6464H,16120333,COG2391	VNG5064H,VNG5233H,VNG6062H
VNG6465H	pNRC200	350384..349893	VNG6465H		VNG6465H,16120334,COG2391	VNG5063H,VNG5234H,VNG6061H
VNG6466C	pNRC200	351586..350393	VNG6466C		VNG6466C,16120335,COG0491	VNG5062C,VNG5235C,VNG6060C
VNG6467C	pNRC200	351836..352081	VNG6467C		VNG6467C,16120336,COG0425	VNG5061C,VNG5236C,VNG6059C
VNG6469C	pNRC200	352084..352656	VNG6469C		VNG6469C,16120337,COG2210	VNG5059C,VNG5238C,VNG6057C
VNG6471G	pNRC200	353770..352775	cydB	cytochrome d oxidase chain II	cydB,16120338,COG1294	VNG5057G,VNG5240G,VNG6055G
VNG6473G	pNRC200	355211..353763	cydA	cytochrome d oxidase chain I	cydA,16120339,COG1271	VNG5055G,VNG5242G,VNG6053G
VNG6474H	pNRC200	356100..356258	VNG6474H		VNG6474H,16120340	VNG6052H
VNG6475H	pNRC200	356721..356891	VNG6475H		VNG6475H,16120341	VNG5053H,VNG5244H,VNG6051H
VNG6478H	pNRC200	357964..357683	VNG6478H	predicted transcriptional regulator, PFAM03551:PadR/MarR family of transcriptional repressors\nCOG1695:predicted transcriptional regulators (PET=28)	VNG6478H,16120343,COG1695	VNG5050H,VNG5247H,VNG6048H
VNG6479H	pNRC200	358031..358264	VNG6479H		VNG6479H,16120344	VNG5049H,VNG5248H,VNG6047H
VNG6480H	pNRC200	358631..358789	VNG6480H		VNG6480H,16120345	VNG5048H,VNG5249H,VNG6046H
VNG6481H	pNRC200	358948..359217	VNG6481H		VNG6481H,16120346	VNG5047H,VNG5250H,VNG6045H
VNG6484H	pNRC200	361460..360624	VNG6484H	transposase	VNG6484H,16120348,COG3385	VNG5044H,VNG5253H,VNG6042H
VNG6486H	pNRC200	362934..362107	VNG6486H	transposase	VNG6486H,16120349,COG3039	VNG5042H,VNG5255H,VNG6040H
VNG0112H	Chromosome	96543..96010	VNG0112H		VNG0112H,15789433	VNG5015H,VNG5114H,VNG6015H,VNG6111H
VNG2032G	Chromosome	1500642..1500208	fad1	Enoyl-CoA hydratase	fad1	VNG2032Gm
VNG2032Gm	Chromosome	1500208..1500882	fad1	Enoyl-CoA hydratase	fad1,16554507,COG1024	VNG2032G
VNG2159G	Chromosome	1593633..1592950	manC	Mannose-1-phosphate guanylyltransferase	manC	VNG2159Gm
VNG2159Gm	Chromosome	1593945..1592950	manC	Mannose-1-phosphate guanylyltransferase	manC,16554511,COG0836	VNG2159G
VNG5001H	pNRC100	812..363	VNG5001H		VNG5001H,H0006,VNG7001	VNG6001H
VNG5003H	pNRC100	1172..834	VNG5003H		VNG5003H,H0011,VNG7002	VNG6003H
VNG5007H	pNRC100	3719..1905	VNG5007H		VNG5007H,H0027,VNG7005	VNG6007H
VNG5008H	pNRC100	4215..4610	VNG5008H		VNG5008H,H0052,VNG7006	VNG6008H
VNG5009H	pNRC100	4614..4811	VNG5009H	transcription regulator, This family of DNA binding helix-turn helix proteins includes a bacterial plasmid copy control protein, bacterial methylases, various bacteriophage transcription control proteins.\n\n	VNG5009H,VNG7007	VNG6009H
VNG5011H	pNRC100	7860..5542	VNG5011H		VNG5011H,H0073,VNG7009	VNG6011H
VNG5012H	pNRC100	8574..7861	VNG5012H		VNG5012H,H0114,VNG7010	VNG6012H
VNG5013G	pNRC100	9210..12431	repH	replication protein	repH,VNG7011	VNG6013G
VNG5015H	pNRC100	13380..12847	VNG5015H		VNG5015H	VNG0112H,VNG5114H,VNG6015H,VNG6111H
VNG5017H	pNRC100	15743..16351	VNG5017H		VNG5017H,H0211,VNG7013	VNG6017H
VNG5019G	pNRC100	16705..16451	gvpM1	GvpM protein, cluster A	gvpM1,VNG7015	VNG6019G
VNG5020G	pNRC100	17550..16705	gvpL1	GvpL protein, cluster A	gvpL1,VNG7016	VNG6020G
VNG5021G	pNRC100	17888..17547	gvpK1	GvpK protein, cluster A	gvpK1,VNG7017	VNG6021G
VNG5022G	pNRC100	18234..17890	gvpJ1	GvpJ protein, cluster A	gvpJ1,VNG7018	VNG6022G
VNG5023G	pNRC100	18661..18227	gvpI1	GvpI protein, cluster A	gvpI1,VNG7019	VNG6023G
VNG5025G	pNRC100	19206..18658	gvpH1	GvpH protein, cluster A	gvpH1,VNG7020	VNG6024G
VNG5026G	pNRC100	19457..19206	gvpG1	GvpG protein, cluster A	gvpG1,VNG7021	VNG6025G
VNG5027G	pNRC100	20102..19461	gvpF1	GvpF protein, cluster A	gvpF1,VNG7022	VNG6026G
VNG5028G	pNRC100	20670..20095	gvpE1	GvpE protein, cluster A	gvpE1,VNG7023	VNG6027G
VNG5029G	pNRC100	22283..20673	gvpD1	GvpD protein, cluster A	gvpD1,VNG7024	VNG6028G
VNG5030G	pNRC100	22484..22714	gvpA1	GvpA protein, cluster A	gvpA1,VNG7025	VNG6029G
VNG5032G	pNRC100	22804..23952	gvpC1	GvpC protein, cluster A	gvpC1,VNG7026	VNG6031G
VNG5033G	pNRC100	23949..24992	gvpN1	GvpN protein, cluster A	gvpN1,VNG7027	VNG6032G
VNG5114H	pNRC100	82661..83194	VNG5114H		VNG5114H	VNG0112H,VNG5015H,VNG6015H,VNG6111H
VNG5122H	pNRC100	88697..86883	VNG5122H		VNG5122H,H0952,H0027,VNG7085	VNG6119H
VNG6001H	pNRC200	812..363	VNG6001H		VNG6001H,16119980,COG4190	VNG5001H
VNG6003H	pNRC200	1172..834	VNG6003H		VNG6003H,16119981	VNG5003H
VNG6007H	pNRC200	3719..1905	VNG6007H		VNG6007H,16119983	VNG5007H
VNG6008H	pNRC200	4215..4610	VNG6008H		VNG6008H,16119984	VNG5008H
VNG6009H	pNRC200	4614..4811	VNG6009H	transcription regulator, This family of DNA binding helix-turn helix proteins includes a bacterial plasmid copy control protein, bacterial methylases, various bacteriophage transcription control proteins.\n\n	VNG6009H,16119985,COG1476	VNG5009H
VNG6011H	pNRC200	7860..5542	VNG6011H		VNG6011H,16119987	VNG5011H
VNG6012H	pNRC200	8574..7861	VNG6012H		VNG6012H,16119988	VNG5012H
VNG6013G	pNRC200	9210..12431	repH	replication protein	repH,16119989	VNG5013G
VNG6015H	pNRC200	13380..12847	VNG6015H		VNG6015H,16119990	VNG0112H,VNG5015H,VNG5114H,VNG6111H
VNG6017H	pNRC200	15743..16351	VNG6017H		VNG6017H,16119992	VNG5017H
VNG6019G	pNRC200	16705..16451	gvpM1	GvpM protein, cluster A	gvpM1,16119993	VNG5019G
VNG6020G	pNRC200	17550..16705	gvpL1	GvpL protein, cluster A	gvpL1,16119994	VNG5020G
VNG6021G	pNRC200	17888..17547	gvpK1	GvpK protein, cluster A	gvpK1,16119995	VNG5021G
VNG6022G	pNRC200	18234..17890	gvpJ1	GvpJ protein, cluster A	gvpJ1,16119996	VNG5022G
VNG6023G	pNRC200	18661..18227	gvpI1	GvpI protein, cluster A	gvpI1,16119997	VNG5023G
VNG6024G	pNRC200	19206..18658	gvpH1	GvpH protein, cluster A	gvpH1,16119998	VNG5025G
VNG6025G	pNRC200	19457..19206	gvpG1	GvpG protein, cluster A	gvpG1,16119999	VNG5026G
VNG6026G	pNRC200	20102..19461	gvpF1	GvpF protein, cluster A	gvpF1,16120000	VNG5027G
VNG6027G	pNRC200	20670..20095	gvpE1	GvpE protein, cluster A	gvpE1,16120001,COG1695	VNG5028G
VNG6028G	pNRC200	22283..20673	gvpD1	GvpD protein, cluster A	gvpD1,16120002,COG0467	VNG5029G
VNG6029G	pNRC200	22484..22714	gvpA1	GvpA protein, cluster A	gvpA1,16120003	VNG5030G
VNG6031G	pNRC200	22804..23952	gvpC1	GvpC protein, cluster A	gvpC1,16120004	VNG5032G
VNG6032G	pNRC200	23949..24992	gvpN1	GvpN protein, cluster A	gvpN1,16120005,COG0714	VNG5033G
VNG6111H	pNRC200	82661..83194	VNG6111H		VNG6111H,16120067	VNG0112H,VNG5015H,VNG5114H,VNG6015H
VNG6119H	pNRC200	88697..86883	VNG6119H		VNG6119H,16120073	VNG5122H
